,mean_fit_time,std_fit_time,mean_score_time,std_score_time,param_classifier__max_depth,param_classifier__n_estimators,params,split0_test_score,split1_test_score,split2_test_score,mean_test_score,std_test_score,rank_test_score,split0_train_score,split1_train_score,split2_train_score,mean_train_score,std_train_score
0,5.388243993123372,0.3832587824853688,0.1047211488087972,0.004308555409997652,10,100,"{'classifier__max_depth': 10, 'classifier__n_estimators': 100}",0.4435548438751001,0.5220249835634452,0.5853350189633375,0.5169716154672942,0.057991705779644104,192,0.7531668217276176,0.7599643448363682,0.7545219638242894,0.7558843767960917,0.0029375394389183473
1,7.347164630889893,0.5139731660114539,0.12657499313354492,0.019951409626893662,10,150,"{'classifier__max_depth': 10, 'classifier__n_estimators': 150}",0.4554931836407378,0.5408099688473519,0.5948717948717949,0.5303916491199615,0.05737598427118634,123,0.7640720260881894,0.7721583006701227,0.7601923957856161,0.7654742408479761,0.00498466813343257
2,9.510345220565796,0.6929355326503482,0.15291500091552734,0.009165197391795195,10,200,"{'classifier__max_depth': 10, 'classifier__n_estimators': 200}",0.4533120510774142,0.5644471594379963,0.586599241466498,0.5347861506606362,0.058316380555963554,80,0.7710230883287439,0.7700630051549673,0.7576563041719636,0.766247465885225,0.0060875000130156095
3,11.279035329818726,0.7435645925925919,0.1957541306813558,0.009896955137986179,10,250,"{'classifier__max_depth': 10, 'classifier__n_estimators': 250}",0.44758735440931785,0.5624607658505962,0.5730061349693252,0.5276847517430797,0.05680079809999419,146,0.7756477775437118,0.7743602672381191,0.7586922677737414,0.7695667708518575,0.007707378871087027
4,13.88726576169332,1.3445785882082415,0.26443052291870117,0.022861719518934,10,300,"{'classifier__max_depth': 10, 'classifier__n_estimators': 300}",0.4498432601880878,0.5517668939863609,0.5901038485033597,0.530571334225936,0.05919007221826339,120,0.7757713635717332,0.7762539682539683,0.7597113997113998,0.7705789105123672,0.007687015895941437
5,16.300784190495808,1.3002352684804401,0.2840023835500081,0.033343884682339765,10,350,"{'classifier__max_depth': 10, 'classifier__n_estimators': 350}",0.46475600309837334,0.5294117647058824,0.5745992601726264,0.5229223426589608,0.045077486842453975,177,0.7800969850305712,0.7762864957699892,0.7645907678139748,0.7736580828715117,0.00659758081247612
6,18.32887927691142,1.1561260353968474,0.31403334935506183,0.04087246526717789,10,400,"{'classifier__max_depth': 10, 'classifier__n_estimators': 400}",0.44462540716612375,0.545338441890166,0.575031525851198,0.5216651249691626,0.055807755722409036,182,0.7771873893021609,0.7770862441254921,0.7618715894577964,0.7720484076284831,0.007196215609429972
7,19.08516836166382,1.2298260472269038,0.31800317764282227,0.014739593259369967,10,450,"{'classifier__max_depth': 10, 'classifier__n_estimators': 450}",0.4768627450980392,0.5294871794871795,0.5935563816604709,0.5333021020818965,0.047716289527050634,96,0.7800788954635108,0.7781104669682105,0.7645778439683812,0.7742557354667009,0.006890324887125568
8,20.9154687722524,1.7204959803228956,0.3469371795654297,0.006424159766756717,10,500,"{'classifier__max_depth': 10, 'classifier__n_estimators': 500}",0.45655608214849924,0.5507614213197969,0.5792759051186017,0.5288644695289659,0.052438192892527,137,0.7822172200337648,0.7750684408225632,0.7611905860636825,0.7728254156400035,0.00872938354085986
9,22.941922028859455,1.816277325577843,0.3865017890930176,0.009793976592992066,10,550,"{'classifier__max_depth': 10, 'classifier__n_estimators': 550}",0.4444444444444445,0.5417721518987341,0.5805219605346913,0.5222461856259567,0.05724345735824068,180,0.784595852729581,0.7771732253574593,0.7705827937095282,0.7774506239321894,0.005724169124674629
10,24.973085800806682,2.027854880380962,0.43741464614868164,0.020133110787327067,10,600,"{'classifier__max_depth': 10, 'classifier__n_estimators': 600}",0.44039735099337746,0.535964353914704,0.5903083700440528,0.5222233583173781,0.06196740878992915,181,0.7795843347942881,0.7807670291929021,0.7684387111702434,0.7762633583858113,0.00555388870049312
11,27.136749029159546,2.144069510690898,0.4683668613433838,0.01463870917162784,10,650,"{'classifier__max_depth': 10, 'classifier__n_estimators': 650}",0.46129541864139023,0.5355541319666881,0.5849652558433355,0.5272716021504712,0.05082655069617519,150,0.7804158471480753,0.7805529075309819,0.7656421832494067,0.7755369793094881,0.006996901132648693
12,29.31071178118388,2.235459807973154,0.46439377466837567,0.014370447833377188,10,700,"{'classifier__max_depth': 10, 'classifier__n_estimators': 700}",0.43855421686746987,0.539440203562341,0.584975369458128,0.5209899299626463,0.06118331977710859,184,0.7863007930381078,0.7791149315504616,0.7661248336900562,0.7771801860928752,0.0083496412654595
13,31.301340262095135,2.5983451584176143,0.5179795424143473,0.01343144494336201,10,750,"{'classifier__max_depth': 10, 'classifier__n_estimators': 750}",0.4488817891373802,0.5572327044025157,0.5739910313901346,0.5267018416433434,0.05545076380525432,152,0.7809254680324974,0.7782368270514205,0.7641722045651546,0.7744448332163575,0.007346308466861347
14,5.1843593915303545,0.5143786552733899,0.10618710517883301,0.0024550290456071904,15,100,"{'classifier__max_depth': 15, 'classifier__n_estimators': 100}",0.4864468864468865,0.538558786346397,0.5881627620221949,0.5377228116051594,0.04152953949771892,50,0.8088957485618072,0.8109020441332749,0.8022754697465955,0.8073577541472258,0.00368587542986205
15,7.516922076543172,0.6100799135625431,0.13652459780375162,0.014823220407752025,15,150,"{'classifier__max_depth': 15, 'classifier__n_estimators': 150}",0.463302752293578,0.5479623824451411,0.6062111801242236,0.5391587716209809,0.058673289544244715,40,0.824450972163939,0.8227560050568902,0.814990183623975,0.8207323869482681,0.004118891649998097
16,10.015052795410156,0.8023463602793788,0.16735323270161948,0.007216728678148868,15,200,"{'classifier__max_depth': 15, 'classifier__n_estimators': 200}",0.44952681388012616,0.5423940149625935,0.5677912157861236,0.5199040148762811,0.05083284546732602,185,0.8287589077824031,0.8323349517624061,0.8180054769511639,0.8263664454986577,0.006089683567360173
17,12.468421459197998,1.0764759487801847,0.2074288527170817,0.011509992017158169,15,250,"{'classifier__max_depth': 15, 'classifier__n_estimators': 250}",0.4746543778801843,0.5677018633540373,0.5888958203368684,0.5437506871903633,0.04961868548146941,14,0.8381470629273057,0.8316595531006779,0.8220985600367162,0.8306350586882333,0.006591701998632432
18,14.842811266581217,1.2284687645423538,0.27213303248087567,0.028528961752110296,15,300,"{'classifier__max_depth': 15, 'classifier__n_estimators': 300}",0.479568234387047,0.5403022670025189,0.5840151038388923,0.5346285350761527,0.042828577375796685,81,0.8361408882082694,0.8321498146169799,0.8258086836187511,0.8313664621480003,0.004254318883041708
19,17.17960460980733,1.507870718251916,0.2945651213328044,0.008073474183455805,15,350,"{'classifier__max_depth': 15, 'classifier__n_estimators': 350}",0.4651898734177215,0.5289256198347108,0.5763335377069282,0.5234830103197868,0.04553712790428578,173,0.8362638908425939,0.8395560040363268,0.8274987023473095,0.8344395324087435,0.005088604509186253
20,20.637801965077717,2.7191650349898246,0.3392333984375,0.029254615581898177,15,400,"{'classifier__max_depth': 15, 'classifier__n_estimators': 400}",0.4526233359436178,0.5666666666666667,0.5836963285625388,0.5343287770576078,0.058191274699882,87,0.8391392724469053,0.8419080919080919,0.8257536457432706,0.8356003366994226,0.007053820827118489
21,26.681244611740112,2.7020938629378506,0.4272584915161133,0.015992635812961904,15,450,"{'classifier__max_depth': 15, 'classifier__n_estimators': 450}",0.47058823529411764,0.5422057917436846,0.578648136449779,0.530480721162527,0.04488758937273322,122,0.8430877192982457,0.8384629850184918,0.8289420582300374,0.836830920848925,0.0058891231296542825
22,28.958301067352295,2.2619071082260382,0.5211528142293295,0.03687997597666976,15,500,"{'classifier__max_depth': 15, 'classifier__n_estimators': 500}",0.4455128205128205,0.5660847880299251,0.5934755332496864,0.5350243805974774,0.06427442608334628,78,0.8447057176849325,0.8406544996853368,0.8321545627048473,0.8391715933583722,0.005230177257317574
23,31.421285549799602,2.5075415699794346,0.505935271581014,0.020768929418409646,15,550,"{'classifier__max_depth': 15, 'classifier__n_estimators': 550}",0.4592933947772657,0.5489199491740787,0.5895522388059702,0.5325885275857715,0.054417387602645646,104,0.8468254522595516,0.8428823826350328,0.8303037275655777,0.8400038541533874,0.007045390520550774
24,32.8071231842041,2.210128975347112,0.5542449156443278,0.0395318987785319,15,600,"{'classifier__max_depth': 15, 'classifier__n_estimators': 600}",0.47022428460943544,0.5536933581626319,0.588603631809643,0.5375070915272367,0.04966497009349012,56,0.8442084672348751,0.8435578973779954,0.8298263769115788,0.8391975805081499,0.00663176210474805
25,34.90315341949463,3.3046825287611474,0.6147425174713135,0.03751677238196832,15,650,"{'classifier__max_depth': 15, 'classifier__n_estimators': 650}",0.47685185185185186,0.5643869377695625,0.586683417085427,0.5426407355689471,0.04740194203494766,18,0.8450822541127057,0.8427057864710676,0.8325160099232678,0.8401013501690137,0.005450684335979443
26,38.36894949277242,3.117699185127812,0.6807751655578613,0.06746357890142683,15,700,"{'classifier__max_depth': 15, 'classifier__n_estimators': 700}",0.4582677165354331,0.5572327044025157,0.5935563816604709,0.5363522675328065,0.057170797969657475,66,0.8483744394618833,0.8427815570672714,0.834331797235023,0.8418292645880593,0.005772295667085016
27,41.1065316994985,4.353600680031015,0.6922721068064371,0.04142767931015766,15,750,"{'classifier__max_depth': 15, 'classifier__n_estimators': 750}",0.46467817896389324,0.5494643982356648,0.5905707196029777,0.5349044322675119,0.05241645672805575,79,0.8455455245293583,0.8445030120481928,0.8342916283348667,0.8414467216374725,0.005077284588904662
28,6.178723335266113,0.873943383253617,0.10774167378743489,0.01549483340285662,20,100,"{'classifier__max_depth': 20, 'classifier__n_estimators': 100}",0.47912087912087914,0.5742946708463949,0.5828571428571429,0.5454242309414723,0.04701368473623912,7,0.8290082760555477,0.8301298052920619,0.8259025787965616,0.8283468867147237,0.001788004074600445
29,9.216994206110636,1.1451259465971462,0.14734705289204916,0.006903428094398317,20,150,"{'classifier__max_depth': 20, 'classifier__n_estimators': 150}",0.4317460317460317,0.5323096609085092,0.5679642629227823,0.5106733185257745,0.05767697466642914,193,0.8457294503806131,0.8370203724534433,0.8316068139963169,0.8381188789434577,0.005817631361772293
30,12.43242883682251,0.9704603153697617,0.2208409309387207,0.02012029968916663,20,200,"{'classifier__max_depth': 20, 'classifier__n_estimators': 200}",0.4570135746606334,0.5628517823639774,0.5803174603174602,0.533394272447357,0.05447795102842859,95,0.8475073313782991,0.8465958775765147,0.83760092272203,0.8439013772256146,0.004470606388548901
31,14.922532320022583,1.0833294483076417,0.2828226089477539,0.029471969713761068,20,250,"{'classifier__max_depth': 20, 'classifier__n_estimators': 250}",0.46467817896389324,0.5603985056039851,0.597799511002445,0.5409587318567745,0.056058010806881366,27,0.851823335899769,0.853566958698373,0.8461627236006926,0.8505176727329449,0.0031606161397562497
32,18.454543113708496,1.9756707652443113,0.3190542856852214,0.03031408692576112,20,300,"{'classifier__max_depth': 20, 'classifier__n_estimators': 300}",0.4530386740331492,0.5550715619166148,0.5865324103209565,0.5315475487569068,0.05698057448741191,110,0.855149316215462,0.8544876192852242,0.8448444982978478,0.851493811266178,0.004709528137720706
33,20.964078108469646,1.451008864115501,0.3733364741007487,0.028166828548001933,20,350,"{'classifier__max_depth': 20, 'classifier__n_estimators': 350}",0.4395604395604395,0.5687847008019741,0.5861635220125786,0.5315028874583306,0.06539911391224335,111,0.8529308529308529,0.8584840708518495,0.8486663978339765,0.8533604405388929,0.004019542677652469
34,24.039678970972698,2.5060499568980514,0.43000173568725586,0.040563689636182856,20,400,"{'classifier__max_depth': 20, 'classifier__n_estimators': 400}",0.45241809672386896,0.5721241631162509,0.6002460024600246,0.5415960874333815,0.06409495550747958,22,0.8562215212057482,0.8589967556775644,0.8504280871114176,0.8552154546649101,0.003569747671994348
35,27.585561672846477,2.2452099172869615,0.4254882335662842,0.013226170427734123,20,450,"{'classifier__max_depth': 20, 'classifier__n_estimators': 450}",0.45987654320987653,0.5421383647798742,0.5941320293398533,0.532048979109868,0.05527193782501021,108,0.857860581955202,0.8603603603603605,0.8513746692741286,0.8565318705298971,0.0037867987019027417
36,29.55850847562154,2.5700396572521704,0.5304096539815267,0.08335313363259646,20,500,"{'classifier__max_depth': 20, 'classifier__n_estimators': 500}",0.4665127020785219,0.5451151213441194,0.5914445133292002,0.5343574455839472,0.05156733498649784,86,0.8619627607447852,0.8576624028091296,0.8522328869475257,0.8572860168338136,0.00398111046731603
37,31.192113002141316,2.0869289927877777,0.5036112467447916,0.005951686274005507,20,550,"{'classifier__max_depth': 20, 'classifier__n_estimators': 550}",0.47774480712166173,0.5623043206011271,0.5895384615384615,0.5431958630870835,0.04759765507802683,15,0.8632346752700238,0.8600313971742544,0.8551978770047306,0.8594879831496697,0.003303433132448895
38,32.781057039896645,2.8181098977139936,0.6073675155639648,0.054196398142066365,20,600,"{'classifier__max_depth': 20, 'classifier__n_estimators': 600}",0.48945783132530124,0.5392405063291139,0.6027060270602707,0.5438014549048953,0.04634573082273187,13,0.8617817901882567,0.860027593126803,0.8523513139695712,0.8580535657615437,0.004095205200954968
39,35.27877426147461,2.809420087574847,0.5833913485209147,0.03131206518832835,20,650,"{'classifier__max_depth': 20, 'classifier__n_estimators': 650}",0.46858029480217217,0.550093341630367,0.6036585365853658,0.5407773910059683,0.05553751316504853,29,0.8648724222299896,0.8615655675811729,0.8573724387304138,0.861270142847192,0.0030689732217321014
40,37.75172885258993,3.544182385901014,0.693638801574707,0.10478502915108853,20,700,"{'classifier__max_depth': 20, 'classifier__n_estimators': 700}",0.44976816074188564,0.5511221945137157,0.5847511027095148,0.5285471526550388,0.05737202013612471,140,0.8618102783425646,0.8631460110386353,0.8555133079847909,0.8601565324553303,0.0033282323207873186
41,41.125365813573204,3.6512898094742736,0.6683734258015951,0.022460590127772132,20,750,"{'classifier__max_depth': 20, 'classifier__n_estimators': 750}",0.45120999219359864,0.5518987341772152,0.5868187579214195,0.5299758280974111,0.057491417874286146,126,0.8635155922248637,0.8629690048939642,0.8555958758136053,0.8606934909774777,0.0036114585877714046
42,5.522312879562378,0.47141741714377233,0.11167383193969727,0.007682131245599038,25,100,"{'classifier__max_depth': 25, 'classifier__n_estimators': 100}",0.471976401179941,0.5635910224438904,0.5425048669695003,0.526024096864444,0.03917500516720673,160,0.832946798791201,0.8316120906801008,0.8256806176351076,0.8300798357021365,0.0031580797051810046
43,8.32305876413981,0.6368630694411656,0.14640164375305176,0.0107286392670703,25,150,"{'classifier__max_depth': 25, 'classifier__n_estimators': 150}",0.471395881006865,0.5422853453841189,0.592964824120603,0.5355486835038623,0.04985839242236953,72,0.8418749117605535,0.8354605469977995,0.835497086146212,0.8376108483015217,0.0030151850871137464
44,10.960917075475058,1.0012012350851662,0.18632864952087402,0.009662547455436205,25,200,"{'classifier__max_depth': 25, 'classifier__n_estimators': 200}",0.4414556962025316,0.5362776025236593,0.5794392523364486,0.5190575170208799,0.05763253681375206,187,0.8469272160860947,0.8480342741935483,0.8423112338858195,0.8457575747218208,0.002478486538425856
45,13.852157433827719,1.2754928241501777,0.236191193262736,0.001435181549067529,25,250,"{'classifier__max_depth': 25, 'classifier__n_estimators': 250}",0.49223946784922396,0.5610062893081761,0.5904288377874455,0.5478915316482819,0.04114434544846996,2,0.8530580933119465,0.8578207930065563,0.845211967194178,0.8520302845042269,0.0051985841213830425
46,16.50221045811971,1.3241615364773323,0.280135711034139,0.00664801331868588,25,300,"{'classifier__max_depth': 25, 'classifier__n_estimators': 300}",0.4805389221556886,0.5588599752168525,0.5928217821782179,0.544073559850253,0.04701658376399356,12,0.8548319620694463,0.8592471358428805,0.8481165070810159,0.8540652016644475,0.004576291460532714
47,19.148380200068157,1.7663321122372717,0.33850765228271484,0.006936508699315482,25,350,"{'classifier__max_depth': 25, 'classifier__n_estimators': 350}",0.4522144522144522,0.5758323057953144,0.585995085995086,0.5380139480016176,0.06081110443192684,48,0.8623173204671003,0.8633454636717279,0.8514213373230521,0.8590280404872935,0.00539510391521576
48,21.95170585314433,1.9370276490003429,0.3733534018198649,0.028472730761197614,25,400,"{'classifier__max_depth': 25, 'classifier__n_estimators': 400}",0.45611285266457685,0.5782983970406904,0.5871091257179324,0.5405067918077332,0.05978383258613251,30,0.8635187128366562,0.8566585044264456,0.8544274455261938,0.8582015542630984,0.0038685516175408054
49,24.681128978729248,2.073814383445865,0.40960025787353516,0.00658483176881132,25,450,"{'classifier__max_depth': 25, 'classifier__n_estimators': 450}",0.4879518072289157,0.5512010113780025,0.5903245560318434,0.5431591248795872,0.04217857969954956,16,0.8628435886702945,0.8658269098201415,0.8550590414447788,0.861243179978405,0.0045392898360199305
50,27.183953921000164,2.3418604514699544,0.45877424875895184,0.017860078358420784,25,500,"{'classifier__max_depth': 25, 'classifier__n_estimators': 500}",0.4740061162079511,0.5490683229813664,0.5947271612507664,0.5392672001466946,0.04976906124406076,38,0.8638780078343593,0.8654026656654779,0.8533502625959486,0.8608769786985953,0.0053584660020617935
51,29.866039435068767,2.659074003729579,0.5036118825276693,0.009227438337627172,25,550,"{'classifier__max_depth': 25, 'classifier__n_estimators': 550}",0.4771877337322363,0.5469336670838548,0.5998755444928437,0.5413323151029782,0.05024344789998599,23,0.8643307638402243,0.8649630464737567,0.8553343307630337,0.8615427136923381,0.004397572002808427
52,32.46227407455444,2.948456621490819,0.5507814089457194,0.02390237019491663,25,600,"{'classifier__max_depth': 25, 'classifier__n_estimators': 600}",0.45347928068803756,0.5596502186133666,0.5944272445820434,0.5358522479611492,0.05995186784323653,70,0.8681172601972994,0.8631354871024292,0.8584585276002994,0.8632370916333426,0.003943815534531186
53,35.28431439399719,3.0893471957153813,0.5779640674591064,0.023307277669324247,25,650,"{'classifier__max_depth': 25, 'classifier__n_estimators': 650}",0.4512,0.545338441890166,0.58307597282273,0.526538138237632,0.05545512669450842,155,0.8666573387435287,0.8680712315023826,0.857931986880718,0.8642201857088766,0.0044837377681442355
54,38.04265252749125,3.2119245095571873,0.6199399630228678,0.008271453700426087,25,700,"{'classifier__max_depth': 25, 'classifier__n_estimators': 700}",0.4640371229698376,0.5581395348837209,0.5881612090680102,0.5367792889738562,0.05287653711823456,58,0.8674563678418729,0.8659638554216867,0.860759493670886,0.8647265723114819,0.002870561273410529
55,40.74094398816427,3.502489232889754,0.6733736197153727,0.024442574741967777,25,750,"{'classifier__max_depth': 25, 'classifier__n_estimators': 750}",0.45426356589147293,0.5678549093183239,0.5766331658291458,0.5329172136796476,0.055731868080612056,100,0.865657059110894,0.8693530221499186,0.8624863748494062,0.8658321520367397,0.0028060297500109316
56,5.5820707480112715,0.5411014108548617,0.10743435223897298,0.011418154885904358,30,100,"{'classifier__max_depth': 30, 'classifier__n_estimators': 100}",0.4707646176911544,0.5481665630826601,0.5601074546675621,0.5263462118137922,0.039603294701921185,158,0.8330285553523702,0.8346982487085802,0.8253539329142924,0.8310269123250809,0.004068905710578388
57,8.159123420715332,0.7566511536061349,0.15133158365885416,0.0065323905767510895,30,150,"{'classifier__max_depth': 30, 'classifier__n_estimators': 150}",0.45440956651718983,0.5508684863523572,0.5664662658650634,0.5239147729115369,0.04955840304376463,170,0.8485949951069482,0.840933392037235,0.8351494668142881,0.8415592846528238,0.005506926786140478
58,11.010377407073975,1.071095692132531,0.1876679261525472,0.004196843402222657,30,200,"{'classifier__max_depth': 30, 'classifier__n_estimators': 200}",0.4580152671755725,0.5767557489123679,0.564993564993565,0.5332548603605018,0.053418689174047074,98,0.8540730337078652,0.8536447541909964,0.8466977065011209,0.8514718314666608,0.0033803409814283907
59,13.757658004760742,1.1293526044257582,0.23659388224283853,0.01618311529515323,30,250,"{'classifier__max_depth': 30, 'classifier__n_estimators': 250}",0.4581704456606724,0.5545796737766624,0.590851334180432,0.5345338178725889,0.055990664690901096,84,0.8570415040794609,0.8548905845998612,0.8514384349827387,0.8544568412206869,0.002307913316525532
60,16.699766159057617,1.5347076364480214,0.28032835324605304,0.015995378682999148,30,300,"{'classifier__max_depth': 30, 'classifier__n_estimators': 300}",0.46105919003115264,0.5608856088560886,0.5939987752602571,0.5386478580491662,0.05650440396367154,44,0.8575054642882323,0.8557740796772566,0.8538483712885557,0.8557093050846816,0.00149370436899971
61,19.467265764872234,1.5939505786258055,0.3215173880259196,0.01318740603102916,30,350,"{'classifier__max_depth': 30, 'classifier__n_estimators': 350}",0.4403225806451613,0.5498108448928122,0.5815251084934904,0.5238861780104879,0.06049024567321659,171,0.8602392681210415,0.8619845603464508,0.8540859406627724,0.8587699230434215,0.0033878488203865765
62,21.859201669692993,1.937712720900016,0.38726027806599933,0.02887879686625625,30,400,"{'classifier__max_depth': 30, 'classifier__n_estimators': 400}",0.4940119760479042,0.5174644243208281,0.5923172242874845,0.5345978748854056,0.04192172709584685,82,0.86074177746676,0.863946003374789,0.8552145823719428,0.8599674544044973,0.0036063934279553936
63,24.939034779866535,2.109428055991372,0.41647982597351074,0.00625152814008522,30,450,"{'classifier__max_depth': 30, 'classifier__n_estimators': 450}",0.45426356589147293,0.5434920634920635,0.5914110429447853,0.5297222241094405,0.056830531541825505,128,0.8656926102837876,0.8591017738080262,0.8594553968896341,0.8614165936604827,0.00302704486730836
64,28.758247296015423,2.6719988355245903,0.5288404623667399,0.1039470169631919,30,500,"{'classifier__max_depth': 30, 'classifier__n_estimators': 500}",0.4801223241590214,0.5465761875385565,0.5902864259028642,0.5389949792001474,0.045292665838666854,42,0.8632095304835318,0.8662452275145522,0.8609684307727824,0.8634743962569554,0.0021623692826676175
65,31.28982925415039,2.3763257415191745,0.5491005579630533,0.07596133284749164,30,550,"{'classifier__max_depth': 30, 'classifier__n_estimators': 550}",0.44515103338632744,0.5662725575606721,0.5870646766169154,0.5328294225213049,0.06257636931350714,101,0.8664504301226907,0.8637902922362976,0.8584401402379447,0.8628936208656444,0.0033310859760372546
66,32.924621184666954,2.783361881883631,0.5563449859619141,0.015415093829482108,30,600,"{'classifier__max_depth': 30, 'classifier__n_estimators': 600}",0.47022900763358777,0.5555555555555556,0.5952970297029703,0.5403605309640379,0.05217706466344198,31,0.863996633232798,0.8657352296222042,0.8590974417936189,0.8629431015495403,0.002810397785610829
67,35.899507999420166,3.2861597456767226,0.5860880215962728,0.012451009166911992,30,650,"{'classifier__max_depth': 30, 'classifier__n_estimators': 650}",0.46656298600311036,0.5490445859872612,0.5864848109113453,0.5340307943005723,0.05009571823312386,89,0.8655962981140014,0.8665829145728643,0.8589773253123553,0.8637188459997404,0.0033768690460148753
68,38.6667160987854,3.364893482032128,0.6529680093129476,0.024783614774178453,30,700,"{'classifier__max_depth': 30, 'classifier__n_estimators': 700}",0.4677914110429448,0.5531112507856695,0.5917513448894203,0.5375513355726782,0.05178867006648109,55,0.867255396691898,0.8647631000941325,0.8612736660929432,0.8644307209596579,0.0024533150574129387
69,41.053768157958984,3.4413380289818503,0.6834746996561686,0.005334368871712115,30,750,"{'classifier__max_depth': 30, 'classifier__n_estimators': 750}",0.46070038910505834,0.5652173913043479,0.5869158878504672,0.5376112227532911,0.05510089798082601,54,0.8655880086852981,0.8670199343931365,0.8612550374208405,0.8646209934997584,0.002450829526520239
70,5.5682304700215655,0.4315962995808016,0.1064010461171468,0.004200047638115311,35,100,"{'classifier__max_depth': 35, 'classifier__n_estimators': 100}",0.4414556962025316,0.5384615384615384,0.5336787564766841,0.5045319970469181,0.04464439902934685,196,0.8328821769482831,0.8306807286673058,0.8260718020216103,0.8298782358790664,0.002837639590322156
71,8.369882504145304,0.7358549842754177,0.14844806989034018,0.0011680223982976651,35,150,"{'classifier__max_depth': 35, 'classifier__n_estimators': 150}",0.4292604501607717,0.5597964376590331,0.56524506683641,0.5181006515520715,0.06285887859543356,190,0.846235418875928,0.8439021306189544,0.8375790634248246,0.842572204306569,0.003656924976100665
72,11.150964895884195,0.8936945273782329,0.18989094098409018,0.002628248487146047,35,200,"{'classifier__max_depth': 35, 'classifier__n_estimators': 200}",0.42715231788079466,0.5856550088915234,0.5757009345794393,0.5295027537839191,0.07248668703526331,131,0.8453143702034782,0.8532765317629369,0.8480647024841133,0.8488852014835094,0.0033019103693405724
73,13.698834419250488,1.1711851135895097,0.24123787879943848,0.01648263934451802,35,250,"{'classifier__max_depth': 35, 'classifier__n_estimators': 250}",0.4447900466562986,0.5684210526315789,0.5712460063897763,0.5281523685592179,0.058957344047587755,145,0.8555865921787709,0.8548468106479157,0.848362312980186,0.8529319052689575,0.0032452734289063583
74,16.522411425908405,1.3753803091149577,0.28699159622192383,0.014241761948813457,35,300,"{'classifier__max_depth': 35, 'classifier__n_estimators': 300}",0.47414478918058867,0.5479282622139765,0.578814627994956,0.5336292264631738,0.04391120287510892,93,0.859251968503937,0.8628859483301827,0.85385500575374,0.8586643075292866,0.0037102102384812857
75,19.363782008488972,1.884368300185711,0.31922491391499835,0.01037385960981425,35,350,"{'classifier__max_depth': 35, 'classifier__n_estimators': 350}",0.4526813880126183,0.5737298636926891,0.593103448275862,0.5398382333270565,0.062134642558313184,35,0.8589562764456982,0.862256711934414,0.8542196531791906,0.8584775471864342,0.0032985314547017146
76,22.392794926961262,1.671162414283576,0.35970600446065265,0.026378739433268492,35,400,"{'classifier__max_depth': 35, 'classifier__n_estimators': 400}",0.45496894409937894,0.5254346426271732,0.5888324873096447,0.523078691345399,0.05467494813308462,175,0.8651005767337178,0.8661407384032819,0.8562023562023563,0.8624812237797853,0.004460091001752811
77,24.09352954228719,1.9226780405972121,0.39643120765686035,0.01151346813177311,35,450,"{'classifier__max_depth': 35, 'classifier__n_estimators': 450}",0.4631245043616178,0.5429116338207248,0.5723231058234189,0.5261197480019205,0.04613429102317957,159,0.8627395913782209,0.8604283818790674,0.8562507227940327,0.859806232017107,0.002685349972693705
78,28.633330821990967,4.875348630286923,0.6780776182810465,0.21157477989062243,35,500,"{'classifier__max_depth': 35, 'classifier__n_estimators': 500}",0.4685534591194969,0.5424588086185045,0.5759493670886076,0.5289872116088696,0.044867086723788384,136,0.8630653266331657,0.8633645918560009,0.856994937873907,0.8611416187876912,0.0029346904287569212
79,35.049331982930504,1.8650333847396257,0.4996400674184163,0.038622925393715035,35,550,"{'classifier__max_depth': 35, 'classifier__n_estimators': 550}",0.4700315457413249,0.558951965065502,0.5885997521685253,0.539194420991784,0.050381050040066225,39,0.8642632131606581,0.8643140215134931,0.8609271523178808,0.863168128997344,0.001584745559094173
80,33.13615894317627,3.023450698838643,0.5078206857045492,0.024222653158011975,35,600,"{'classifier__max_depth': 35, 'classifier__n_estimators': 600}",0.45525902668759816,0.5726548129981607,0.5855799373040753,0.5378312589966113,0.05862533508618421,49,0.8644755244755246,0.8669999999999999,0.8557720099427713,0.8624158448060987,0.004809618864788307
81,37.77270714441935,4.615774302483525,0.7029833793640137,0.11649278217559934,35,650,"{'classifier__max_depth': 35, 'classifier__n_estimators': 650}",0.45843045843045843,0.5662725575606721,0.5830212234706618,0.5359080798205974,0.05520999797528466,69,0.8682257386920599,0.8694887576937572,0.858873759519963,0.8655294186352601,0.004734423790631006
82,43.33011666933695,4.604903176408487,0.7444624106089274,0.1344605362938361,35,700,"{'classifier__max_depth': 35, 'classifier__n_estimators': 700}",0.4640625,0.5581395348837209,0.5847665847665848,0.5356562065501019,0.051778335621201724,71,0.8670074935219553,0.8692009503563836,0.8587902900305598,0.864999577969633,0.004481015937921784
83,56.03473973274231,8.32806795789381,1.0578269163767497,0.04114491594140759,35,750,"{'classifier__max_depth': 35, 'classifier__n_estimators': 750}",0.4435548438751001,0.5558987029030267,0.6,0.5331511822593756,0.06586278155028617,99,0.86759460026579,0.8650818541052498,0.860771184483953,0.8644825462849978,0.002817697420533001
84,8.35000483194987,1.1111025172034856,0.1343081792195638,0.014159814710535014,40,100,"{'classifier__max_depth': 40, 'classifier__n_estimators': 100}",0.4865671641791045,0.5178807947019869,0.5510471204188481,0.5184983597666465,0.026327453720740857,189,0.8303381915947361,0.8307316759812424,0.8279934518241348,0.829687773133371,0.0012087875508969917
85,11.78783663113912,1.0820187519400635,0.1971400578816732,0.016455590842668937,40,150,"{'classifier__max_depth': 40, 'classifier__n_estimators': 150}",0.4207961007311129,0.5551969012265978,0.5826366559485531,0.519543219302088,0.0707176550532841,186,0.8463710816153628,0.8385960498175871,0.8397495361781077,0.8415722225370191,0.003425825354210522
86,14.459699789683023,0.9062715514798043,0.278732697168986,0.013878274743777006,40,200,"{'classifier__max_depth': 40, 'classifier__n_estimators': 200}",0.4657955418908532,0.555417185554172,0.5714285714285714,0.5308804329578655,0.046483856719714174,116,0.8460941359113683,0.8568369339295836,0.8424597874687882,0.8484636191032466,0.006103901650378271
87,18.366585731506348,2.514935689457174,0.33842984835306805,0.12149050073391393,40,250,"{'classifier__max_depth': 40, 'classifier__n_estimators': 250}",0.4649330181245075,0.5453400503778337,0.5797641216635631,0.5300123967219682,0.04811616713707881,125,0.8532788617313516,0.8591229838709679,0.8475521226552065,0.8533179894191752,0.004723865334699846
88,20.511485894521076,0.8295613410447639,0.3653575579325358,0.05647795551592781,40,300,"{'classifier__max_depth': 40, 'classifier__n_estimators': 300}",0.4549019607843137,0.5795868772782503,0.578512396694215,0.5376670782522597,0.05852541971510348,53,0.8605538287651879,0.859551975836899,0.8495687908780459,0.8565581984933776,0.004959152577636816
89,21.924707333246868,2.6069345031104576,0.4122309684753418,0.09053749870180725,40,350,"{'classifier__max_depth': 40, 'classifier__n_estimators': 350}",0.44803695150115475,0.5538074260541221,0.5708860759493671,0.524243484501548,0.054335358803858765,169,0.8642514801240484,0.8603001192942802,0.8544416902057994,0.8596644298747093,0.004029976868309183
90,26.75809971491496,2.352382048374197,0.38077012697855633,0.03767874698872172,40,400,"{'classifier__max_depth': 40, 'classifier__n_estimators': 400}",0.46093133385951074,0.5414572864321608,0.582451773490977,0.5282801312608828,0.050477931652437066,144,0.8592778825336964,0.8619215291750503,0.8536373632733375,0.858278924994028,0.00345497595711078
91,33.78719894091288,6.020751554632869,0.831901470820109,0.10946593096766098,40,450,"{'classifier__max_depth': 40, 'classifier__n_estimators': 450}",0.45741324921135645,0.5426751592356687,0.5816582914572864,0.5272488999681039,0.05188246162828584,151,0.8625792811839323,0.863462622971364,0.8553240740740741,0.8604553260764568,0.0036462202815448373
92,36.83457056681315,1.05936290067988,0.4850216706593831,0.023737754351309204,40,500,"{'classifier__max_depth': 40, 'classifier__n_estimators': 500}",0.4567901234567901,0.54875,0.5880149812734082,0.5311850349100661,0.054993253078329876,112,0.8652621264086232,0.8657352296222042,0.8573240329740013,0.862773796334943,0.0038584018436282935
93,34.81743804613749,3.2249606471123724,0.607044537862142,0.040078659219229096,40,550,"{'classifier__max_depth': 40, 'classifier__n_estimators': 550}",0.44764188649080733,0.5457967377666249,0.5950310559006212,0.5294898933860178,0.06126623156393581,132,0.8658784020149723,0.8681655915325359,0.856599642795414,0.8635478787809742,0.005001086312365028
94,38.66328239440918,3.4229893465950094,0.6203413009643555,0.0310717203688205,40,600,"{'classifier__max_depth': 40, 'classifier__n_estimators': 600}",0.46551724137931033,0.5428211586901764,0.5847665847665848,0.5310349949453572,0.04939154257183981,113,0.864031398934679,0.8668877902246699,0.8578823258756543,0.862933838345001,0.003757488209904625
95,41.912593046824135,3.419435064914727,0.6878280639648438,0.03848291971020928,40,650,"{'classifier__max_depth': 40, 'classifier__n_estimators': 650}",0.46275752773375595,0.5543816034804226,0.5929095354523228,0.5366828888888339,0.05458827500443274,62,0.8646067415730336,0.8646003262642741,0.8572415778865533,0.8621495485746203,0.003470460343647079
96,47.75264422098795,5.831470916532423,0.7539836565653483,0.0834101710346992,40,700,"{'classifier__max_depth': 40, 'classifier__n_estimators': 700}",0.4747866563227308,0.5463596764156814,0.5876543209876544,0.5362668845753555,0.04662742946004722,67,0.8670197936994702,0.8655556947750909,0.8584949215143122,0.8636901366629578,0.003721880505481933
97,51.53685998916626,2.9823194189295275,0.8876257737477621,0.0751121683779514,40,750,"{'classifier__max_depth': 40, 'classifier__n_estimators': 750}",0.48084147257700977,0.5646470955652718,0.5812072184194151,0.5422319288538989,0.043932907246160086,20,0.8687094297480282,0.8656116553629742,0.8611943739912382,0.8651718197007469,0.003083732296448672
98,6.48698631922404,0.6762827212962165,0.10804446538289388,0.004975367367299474,45,100,"{'classifier__max_depth': 45, 'classifier__n_estimators': 100}",0.41938046068308177,0.5371069182389938,0.5680317040951123,0.508173027672396,0.06404256688315765,195,0.8337236533957846,0.8348112490499113,0.8271261167188769,0.8318870063881909,0.003395611767095346
99,9.948729515075684,0.8143289796468076,0.17619585990905762,0.030493977772286022,45,150,"{'classifier__max_depth': 45, 'classifier__n_estimators': 150}",0.4558359621451104,0.5351213282247764,0.5772558714462299,0.5227377206053723,0.0503369572443319,178,0.8422168810971299,0.8431792417181004,0.8353963958777132,0.8402641728976478,0.003464387808165782
100,13.181087017059326,0.9801777487730033,0.22406760851542154,0.011865226053287072,45,200,"{'classifier__max_depth': 45, 'classifier__n_estimators': 200}",0.4709433962264151,0.5325596389426176,0.5743855109961189,0.5259628487217173,0.042486907849525184,161,0.8517660276665965,0.8523782452150843,0.8411495981032787,0.8484312903283198,0.0051549965293772575
101,16.087980190912884,1.4371516145446916,0.32080936431884766,0.02601177086319005,45,250,"{'classifier__max_depth': 45, 'classifier__n_estimators': 250}",0.47993827160493824,0.5364916773367477,0.5694087403598972,0.5286128964338611,0.03694859118825137,139,0.8547380234270885,0.8552863991925309,0.8392701998262382,0.8497648741486192,0.007424231535751187
102,19.412757873535156,1.6852641813548548,0.3105032444000244,0.007697119446660004,45,300,"{'classifier__max_depth': 45, 'classifier__n_estimators': 300}",0.4666666666666667,0.544430538172716,0.5623787976729153,0.5244920008374326,0.041540036581128106,168,0.8635214827295704,0.8599221789883268,0.8506145057988576,0.8580193891722515,0.005438318991845923
103,22.649486541748047,1.758310771131205,0.44092416763305664,0.05495212289418499,45,350,"{'classifier__max_depth': 45, 'classifier__n_estimators': 350}",0.46360759493670883,0.5422222222222222,0.5909090909090909,0.5322463026893406,0.05244716037496851,107,0.8569024749351469,0.8571428571428572,0.8564978292329956,0.856847720437,0.00026616259745454153
104,25.73497223854065,2.999267453853064,0.5065348943074545,0.06343274160565644,45,400,"{'classifier__max_depth': 45, 'classifier__n_estimators': 400}",0.46801872074883,0.5835351089588378,0.607843137254902,0.5531323223208565,0.06099707063639385,1,0.8592841633396372,0.8576968787139551,0.851614393808121,0.8561984786205711,0.003305575421065995
105,33.44633976618449,4.610056172968992,0.5024450620015463,0.10666439266733908,45,450,"{'classifier__max_depth': 45, 'classifier__n_estimators': 450}",0.46093133385951074,0.5547815072830906,0.6003705991352686,0.5386944800926233,0.058051250391534304,43,0.865345564036132,0.862626644012334,0.8568795715026205,0.8616172598503621,0.003529154732056765
106,33.0787505308787,0.6196921884468679,0.4923241933186849,0.030499923767976198,45,500,"{'classifier__max_depth': 45, 'classifier__n_estimators': 500}",0.4727838258164852,0.546372239747634,0.5949044585987261,0.5380201747209484,0.05020411656721137,47,0.8643665316384972,0.8640661198422139,0.8563494359271043,0.8615940291359384,0.0037105148121205087
107,31.487415313720703,2.6831389970810124,0.5015509128570557,0.014191229167246548,45,550,"{'classifier__max_depth': 45, 'classifier__n_estimators': 550}",0.46333853354134164,0.5874547647768396,0.5861854387056628,0.5456595790079479,0.058212076022105264,6,0.8646832341617081,0.8647358170509517,0.8556748643343726,0.8616979718490109,0.004259034267665925
108,34.334226290384926,3.970190381189834,0.7207086086273193,0.13495353975810218,45,600,"{'classifier__max_depth': 45, 'classifier__n_estimators': 600}",0.4793774319066148,0.5707165109034269,0.5737298636926891,0.541274602167577,0.04378519413754714,24,0.8635949225050845,0.863833805476865,0.8564010846362429,0.8612766042060641,0.0034488920515951286
109,40.11456060409546,3.7730864760443676,0.6621954441070557,0.031496761361165006,45,650,"{'classifier__max_depth': 45, 'classifier__n_estimators': 650}",0.4833976833976834,0.5276705276705278,0.5796915167095116,0.5302532425925742,0.0393541899145691,124,0.8660068786411174,0.8677089219564262,0.8581523313061107,0.8639560439678847,0.004162254866225315
110,45.38970788319906,5.654927219767053,0.8667752742767334,0.12647312034784905,45,700,"{'classifier__max_depth': 45, 'classifier__n_estimators': 700}",0.4573643410852713,0.5610062893081761,0.5831265508684864,0.533832393753978,0.05482000122876202,92,0.8653913530936865,0.8682792329865899,0.8591192068249943,0.8642632643017568,0.0038236943795354876
111,55.04481069246928,5.915890335848673,0.8378713925679525,0.1569499811079394,45,750,"{'classifier__max_depth': 45, 'classifier__n_estimators': 750}",0.4583333333333333,0.5374280230326295,0.5923645320197045,0.5293752961285558,0.055013485396885935,134,0.8671672163356956,0.8654787300790564,0.8583840139009558,0.8636766534385693,0.0038054146875250512
112,7.730065027872722,1.4098773116045915,0.16921726862589517,0.006528010796808194,50,100,"{'classifier__max_depth': 50, 'classifier__n_estimators': 100}",0.4531625300240192,0.5559065066329754,0.5734002509410289,0.5274897625326744,0.05304030474884589,147,0.8305539853024306,0.8255449721920348,0.8250274931990507,0.827042150231172,0.0024922125782573675
113,12.25435439745585,0.60513162321199,0.23477816581726074,0.050426343675673085,50,150,"{'classifier__max_depth': 50, 'classifier__n_estimators': 150}",0.4596464258262875,0.5799256505576208,0.5620253164556962,0.5338657976132014,0.05298736863047806,91,0.8442026425492828,0.841189175454199,0.8381385054458617,0.8411767744831146,0.0024756891350807193
114,13.211331844329834,0.5413096247111174,0.2234036127726237,0.03868654584839604,50,200,"{'classifier__max_depth': 50, 'classifier__n_estimators': 200}",0.4312796208530805,0.5416133162612037,0.5800000000000001,0.5176309790380947,0.06303862396665007,191,0.846816320768036,0.8503448712269822,0.8428396999825571,0.8466669639925252,0.0030657929302579556
115,15.220291296641031,1.0849772791687966,0.2688545385996501,0.04168740064993924,50,250,"{'classifier__max_depth': 50, 'classifier__n_estimators': 250}",0.4708554125662377,0.5636478784040533,0.5841150719199499,0.539539454296747,0.0492804876459439,36,0.8537815126050421,0.8594231131779048,0.845106186518929,0.8527702707672921,0.005888438094007329
116,18.05644679069519,1.106436611139589,0.2636285622914632,0.009816493312078645,50,300,"{'classifier__max_depth': 50, 'classifier__n_estimators': 300}",0.45998445998445997,0.5827250608272506,0.5723514211886305,0.538353647333447,0.0555769751134614,45,0.8589121103370628,0.8593945459094321,0.852381227938198,0.8568959613948977,0.003198468347939261
117,19.1424564520518,1.1006607533710893,0.31715234120686847,0.02376969321086885,50,350,"{'classifier__max_depth': 50, 'classifier__n_estimators': 350}",0.46237393328161364,0.544648511716276,0.5957972805933249,0.5342732418637383,0.05496169617924905,88,0.8589500316255535,0.8564599320669265,0.8551350728644663,0.8568483455189821,0.0015814816564437837
118,21.296925862630207,1.9182274193199005,0.3407598336537679,0.029267673046703756,50,400,"{'classifier__max_depth': 50, 'classifier__n_estimators': 400}",0.4591914569031274,0.5513784461152882,0.5821361648969393,0.5309020226384517,0.05223863987970958,115,0.8618568232662192,0.8634988656415427,0.8551517594885676,0.8601691494654432,0.003610607282773717
119,24.037816683451336,2.106071500650407,0.4199644724527995,0.03179284540799025,50,450,"{'classifier__max_depth': 50, 'classifier__n_estimators': 450}",0.4737254901960785,0.561993769470405,0.572692793931732,0.5361373511994052,0.044347473257822664,68,0.8679059978954752,0.8658437245441444,0.857953229914332,0.863900984117984,0.004289139610240116
120,27.72942837079366,2.5740898777175634,0.4248493512471517,0.008138869684156929,50,500,"{'classifier__max_depth': 50, 'classifier__n_estimators': 500}",0.4681504221028396,0.5613178767541184,0.5808457711442787,0.5367713566670789,0.049172886568246955,60,0.8672764085736228,0.8656342090413192,0.8577360013840033,0.8635488729996483,0.004164637810658845
121,29.50083525975545,2.085628083998452,0.47946325937906903,0.022432815039369603,50,550,"{'classifier__max_depth': 50, 'classifier__n_estimators': 550}",0.45347928068803756,0.5640703517587939,0.5746408494690819,0.5307301606386378,0.054794815419693,118,0.8651149747616377,0.8657389996239188,0.8601555747623163,0.8636698497159575,0.0024979922730770598
122,32.676763455073036,3.874938477755066,0.5448489189147949,0.0564944192139795,50,600,"{'classifier__max_depth': 50, 'classifier__n_estimators': 600}",0.4705882352941177,0.5581395348837209,0.5859085290482077,0.5382120997420153,0.049142782049707366,46,0.8657199100112486,0.8686411368924102,0.8582781456953643,0.8642130641996744,0.004362784650687115
123,37.93690665562948,3.520829237409715,0.5769608815511068,0.01925343514507038,50,650,"{'classifier__max_depth': 50, 'classifier__n_estimators': 650}",0.4740853658536586,0.5588052271313005,0.6004901960784313,0.5444602630211302,0.05259200682315365,10,0.8669978311061359,0.8661733350056441,0.8591314351452403,0.8641008670856735,0.003530003665048102
124,39.597845792770386,2.931596196825199,0.6373446782430013,0.016688195674896943,50,700,"{'classifier__max_depth': 50, 'classifier__n_estimators': 700}",0.4676923076923077,0.5446428571428572,0.5977722772277227,0.5367024806876292,0.053400916360874566,61,0.8675811870100784,0.8654317111459969,0.8603699648475769,0.8644609543345507,0.0030229354232230426
125,41.06864698727926,3.2961526334156432,0.6457657814025879,0.014236403203872114,50,750,"{'classifier__max_depth': 50, 'classifier__n_estimators': 750}",0.45354330708661417,0.5551378446115289,0.5880908532842234,0.5322573349941222,0.05726196432312133,106,0.8662929222144359,0.8640874262027383,0.8607902033271719,0.8637235172481154,0.0022611650512518087
126,5.929354906082153,0.7978711570324384,0.10971562067667644,0.009918662174020655,55,100,"{'classifier__max_depth': 55, 'classifier__n_estimators': 100}",0.4943310657596372,0.525691699604743,0.564935064935065,0.5283192767664818,0.028883782026096917,143,0.8293297849989495,0.8272178060413353,0.8220673635307781,0.826204984857021,0.0030501416862047533
127,8.134297132492065,0.621877298252157,0.12757635116577148,0.006387073685830254,55,150,"{'classifier__max_depth': 55, 'classifier__n_estimators': 150}",0.46760982874162327,0.5198938992042441,0.5767501605651895,0.5214179628370189,0.04456938474713402,183,0.8390747683384028,0.8385116992711931,0.8353241331323206,0.8376368669139721,0.0016514266261238857
128,10.577879110972086,0.927722335230796,0.17523090044657388,0.006801299506678232,55,200,"{'classifier__max_depth': 55, 'classifier__n_estimators': 200}",0.4537684537684538,0.5518987341772152,0.5735849056603773,0.5264173645353488,0.05212786001817378,156,0.8509679690249912,0.8542034839686947,0.8411419362265454,0.8487711297400771,0.005554012632797877
129,13.26286252339681,1.087112661057193,0.21529062589009604,0.004890589928831029,55,250,"{'classifier__max_depth': 55, 'classifier__n_estimators': 250}",0.4726181545386347,0.5415617128463477,0.5781931464174455,0.5307910046008093,0.04376852632227578,117,0.8549371885746369,0.8513462267728479,0.8488231570466708,0.8517021907980519,0.0025087019447874313
130,15.719589551289877,1.4051968550700844,0.26619116465250653,0.016374359514286486,55,300,"{'classifier__max_depth': 55, 'classifier__n_estimators': 300}",0.4631738800303721,0.5372005044136192,0.5881627620221949,0.5295123821553953,0.051315271107695924,130,0.8564373897707231,0.8559322033898304,0.8520798573154594,0.8548164834920043,0.0019460464952432788
131,18.242530981699627,1.7118272086528656,0.30487966537475586,0.015861258296949496,55,350,"{'classifier__max_depth': 55, 'classifier__n_estimators': 350}",0.4655041698256254,0.5717791411042944,0.5856079404466501,0.5409637504588566,0.05365581767040816,26,0.8600970668917493,0.8579659318637275,0.8552145823719428,0.8577591937091399,0.00199861940181368
132,21.205378850301106,1.947017048150009,0.33829156557718915,0.01824633251532822,55,400,"{'classifier__max_depth': 55, 'classifier__n_estimators': 400}",0.4556765163297045,0.5395408163265306,0.5737704918032787,0.5229959414865046,0.0496107946814829,176,0.8634676007005254,0.8634256358852274,0.8511576626240352,0.859350299736596,0.005793094590689371
133,23.715582450230915,1.9292238880421029,0.38759660720825195,0.024999513086931796,55,450,"{'classifier__max_depth': 55, 'classifier__n_estimators': 450}",0.4627329192546583,0.549685534591195,0.5933250927070457,0.5352478488509663,0.05428267998115549,75,0.8660952648587888,0.8626463552813799,0.853270273387934,0.8606706311760343,0.005418961515653929
134,26.048721075057983,2.3100635099694444,0.41907382011413574,0.022568111064680478,55,500,"{'classifier__max_depth': 55, 'classifier__n_estimators': 500}",0.453416149068323,0.5700424499696786,0.5858585858585859,0.5364390616321958,0.05906008548676196,65,0.8635378051339442,0.8662077596996245,0.855608178352778,0.8617845810621155,0.004501342552811947
135,28.896953105926514,2.786697411634423,0.463054895401001,0.009962611666608986,55,550,"{'classifier__max_depth': 55, 'classifier__n_estimators': 550}",0.4512578616352201,0.550063371356147,0.5914786967418546,0.5309333099110739,0.05882142516504057,114,0.8683234161708087,0.8658414603650912,0.8604718232681547,0.8648788999346849,0.0032768653429651727
136,31.47331754366557,2.724513344900006,0.5267704327901205,0.023175470381206594,55,600,"{'classifier__max_depth': 55, 'classifier__n_estimators': 600}",0.4758250191864927,0.5470404984423677,0.5967252880533657,0.5398636018940753,0.049617534777329206,34,0.8660053094872153,0.86528367908023,0.8601262191623638,0.8638050692432696,0.002617968811809084
137,37.04375068346659,4.619117480984669,0.6729422410329183,0.06084836390703823,55,650,"{'classifier__max_depth': 55, 'classifier__n_estimators': 650}",0.4536082474226804,0.5666666666666667,0.579581483830057,0.5332854659731346,0.05658646771413105,97,0.865862214115336,0.86816076123701,0.8616287094547963,0.8652172282690475,0.002705418042597091
138,42.26263276735941,4.0451708749092,0.6331907908121744,0.0048626418540999835,55,700,"{'classifier__max_depth': 55, 'classifier__n_estimators': 700}",0.46921278254091975,0.530197075651621,0.5899014778325123,0.5297704453416844,0.04927187705552894,127,0.869856793573175,0.8666540809263106,0.8569123494496629,0.8644744079830495,0.005504718522708213
139,47.72040025393168,5.306225162311038,0.718553384145101,0.04151037820734839,55,750,"{'classifier__max_depth': 55, 'classifier__n_estimators': 750}",0.4539781591263651,0.5515075376884422,0.5977859778597786,0.5344238915581953,0.059939193666265954,85,0.8665079142737079,0.8712140175219023,0.8617932938402255,0.8665050752119452,0.0038459948619163323
140,6.030975262324016,0.289449809541072,0.10836203893025716,0.026462787173022192,60,100,"{'classifier__max_depth': 60, 'classifier__n_estimators': 100}",0.42753036437246966,0.5586592178770949,0.5445161290322581,0.5102352370939408,0.058765515508242896,194,0.8296306777982171,0.8319695528068507,0.8232202300998657,0.8282734869016446,0.003698570652296697
141,9.91049830118815,1.9318777351307128,0.27999234199523926,0.09584825092258598,60,150,"{'classifier__max_depth': 60, 'classifier__n_estimators': 150}",0.44692737430167595,0.56125,0.5708836617927527,0.5263536786981429,0.05630041582110772,157,0.8444099159545165,0.8429678566891119,0.8352299117510451,0.8408692281315577,0.0040308229648443016
142,14.075500011444092,1.4262397375017872,0.2626480261484782,0.1224638901037828,60,200,"{'classifier__max_depth': 60, 'classifier__n_estimators': 200}",0.4835501147666411,0.5337579617834395,0.5495787427090084,0.5222956064196963,0.028148228124832777,179,0.850452219028255,0.8516521849432359,0.8440748440748441,0.848726416015445,0.003325439388333325
143,16.974147240320843,0.9283744600162475,0.3014288743336995,0.0900331332215411,60,250,"{'classifier__max_depth': 60, 'classifier__n_estimators': 250}",0.4509493670886076,0.54510058403634,0.59125,0.5290999837083159,0.058384251911950805,135,0.8513617587341595,0.8546460455174147,0.8485406712336654,0.8515161584950799,0.002494898561838561
144,20.89091483751933,2.640613352683542,0.37200109163920086,0.04246757619206258,60,300,"{'classifier__max_depth': 60, 'classifier__n_estimators': 300}",0.4597523219814242,0.5371207230471272,0.5803971812940423,0.5257567421075312,0.04990424542218814,164,0.859886451251139,0.8561160151324086,0.848396671128441,0.8547997125039962,0.004782136989126728
145,23.18136254946391,1.0358085155660455,0.3379184405008952,0.015890565668895965,60,350,"{'classifier__max_depth': 60, 'classifier__n_estimators': 350}",0.4772902232486529,0.5596967782691094,0.5728835136855506,0.5366235050677709,0.042298945978246856,63,0.8585639229422066,0.8594064386317907,0.851568345323741,0.856512902299246,0.003513207550070707
146,24.448939323425293,2.171818495109178,0.43042945861816406,0.08209609175126992,60,400,"{'classifier__max_depth': 60, 'classifier__n_estimators': 400}",0.47112462006079037,0.5591531755915318,0.5757961783439491,0.5353579913320904,0.04592524268715953,73,0.8569014084507043,0.861409647588103,0.856483883987776,0.8582649800088612,0.0022301393539772845
147,27.00492787361145,1.6216948555479018,0.44398967425028485,0.040421752784398406,60,450,"{'classifier__max_depth': 60, 'classifier__n_estimators': 450}",0.45362431800467656,0.5525339925834364,0.5759294265910522,0.5273625790597217,0.053008395188357774,148,0.864501679731243,0.863841524573721,0.8568792526813516,0.8617408189954384,0.0034481948395935673
148,28.10488772392273,2.55762977097127,0.46856053670247394,0.03149542809639267,60,500,"{'classifier__max_depth': 60, 'classifier__n_estimators': 500}",0.4712990936555891,0.5632754342431762,0.5858708891595616,0.5401484723527756,0.04955008480289451,33,0.8651032551627582,0.8651033787191124,0.8566983578219534,0.8623016639012745,0.003962135726072971
149,33.66715415318807,3.0396929831380133,0.5775090853373209,0.09314994178411619,60,550,"{'classifier__max_depth': 60, 'classifier__n_estimators': 550}",0.4825493171471928,0.5714285714285715,0.5809230769230769,0.5449669884996137,0.04430583619524949,9,0.8659143477956123,0.8651727591387082,0.8563688760806916,0.8624853276716706,0.004335567896873897
150,35.62505626678467,2.4232514129788356,0.5749183495839437,0.03426729691341822,60,600,"{'classifier__max_depth': 60, 'classifier__n_estimators': 600}",0.42891183478951544,0.5687732342007434,0.5944615384615385,0.5307155358172658,0.0727459845451256,119,0.8676780446691951,0.8676572001755376,0.8592669432918395,0.8648673960455241,0.003960127262931386
151,35.39287328720093,2.1351071041351406,0.576326847076416,0.021771208691089266,60,650,"{'classifier__max_depth': 60, 'classifier__n_estimators': 650}",0.4502698535080957,0.5574177529484791,0.5786163522012577,0.5287679862192775,0.05617717675311871,138,0.869248546817004,0.8674471299093655,0.8559443774061944,0.8642133513775213,0.00589311596258111
152,36.29679822921753,3.2575740447762205,0.5905594825744629,0.018198806051204983,60,700,"{'classifier__max_depth': 60, 'classifier__n_estimators': 700}",0.46464646464646464,0.5871559633027523,0.5880908532842234,0.5466310937444802,0.057973143558454364,4,0.8701253238115243,0.8682151130031929,0.8588999367779757,0.8657467911975644,0.004903861601863462
153,39.34003631273905,3.645404522377352,0.6448037624359131,0.026622420031924453,60,750,"{'classifier__max_depth': 60, 'classifier__n_estimators': 750}",0.49042145593869735,0.5474220241884151,0.5859473023839397,0.5412635941703506,0.03924063820399757,25,0.8701754385964913,0.8689447990987609,0.8568631966835559,0.8653278114596027,0.006006435208646108
154,5.367094993591309,0.513055165478738,0.10799980163574219,0.006223938231123621,65,100,"{'classifier__max_depth': 65, 'classifier__n_estimators': 100}",0.473134328358209,0.5480335267569311,0.5737704918032787,0.531646115639473,0.042687389086904316,109,0.8313185268484679,0.8306066586033485,0.8238854615295076,0.8286035489937746,0.003348825773307987
155,8.059538205464682,0.7837258636274047,0.14042162895202637,0.005453948283582555,65,150,"{'classifier__max_depth': 65, 'classifier__n_estimators': 150}",0.4617760617760618,0.5597060624617268,0.5559146735617324,0.5257989325998403,0.04529745871338647,163,0.8436574008748412,0.8440030364372471,0.8395261485119907,0.8423955286080264,0.0020338588261633664
156,10.568102757136026,1.1293185442774443,0.18459375699361166,0.007954970080588875,65,200,"{'classifier__max_depth': 65, 'classifier__n_estimators': 200}",0.4770504138449963,0.5430546825895662,0.5558375634517767,0.5253142199621131,0.03452435610278002,167,0.8476477599383019,0.8516577202399748,0.8417574773939255,0.8470209858574007,0.004065983801742998
157,14.149181048075357,1.4698899347449095,0.2788986365000407,0.05811036350365546,65,250,"{'classifier__max_depth': 65, 'classifier__n_estimators': 250}",0.4693877551020408,0.578048780487805,0.5798212005108556,0.5424192453669004,0.05164613116142226,19,0.8526042032754623,0.8536831483350151,0.8489101052510496,0.851732485620509,0.0020437553380669494
158,17.411489327748615,2.14596596724573,0.29626091321309406,0.03846730208601506,65,300,"{'classifier__max_depth': 65, 'classifier__n_estimators': 300}",0.488212927756654,0.5411913814955639,0.5809284818067754,0.5367775970196643,0.03797942083773802,59,0.8609965755818018,0.8609725685785536,0.8497546897546898,0.8572412779716817,0.005293826368652008
159,22.971378008524578,2.879493690971557,0.3635621865590413,0.028297659981523275,65,350,"{'classifier__max_depth': 65, 'classifier__n_estimators': 350}",0.45754716981132076,0.5457991156032849,0.5786551511412708,0.5273338121852921,0.05113714473969503,149,0.8536309692003391,0.859224825680005,0.8546770923834347,0.855844295754593,0.0024282477030439717
160,24.795194387435913,1.3887431433351696,0.44942808151245117,0.03983349897877284,65,400,"{'classifier__max_depth': 65, 'classifier__n_estimators': 400}",0.4466926070038911,0.5510204081632654,0.587800369685767,0.5285044616176412,0.05976663539079982,142,0.8614394628243687,0.867296786389414,0.8555908696908409,0.8614423729682078,0.004778920923540946
161,26.95254333813985,2.701887089196377,0.4209969838460286,0.010801374284677482,65,450,"{'classifier__max_depth': 65, 'classifier__n_estimators': 450}",0.4804804804804804,0.5680100755667506,0.5867970660146699,0.5450958740206336,0.04632925328043617,8,0.8636999720123146,0.8650952858575727,0.8580257510729614,0.8622736696476162,0.0030572683171272673
162,29.199208974838257,2.4466775679251005,0.4911505381266276,0.031566055002237366,65,500,"{'classifier__max_depth': 65, 'classifier__n_estimators': 500}",0.47604562737642586,0.5804111245465539,0.5659655831739961,0.5408074450323253,0.04617169541294424,28,0.8641422271995519,0.8653107486934073,0.8553764372797134,0.8616098043908909,0.004433396724667029
163,31.068827470143635,2.9621104362479564,0.5766788323720297,0.04282161859167039,65,550,"{'classifier__max_depth': 65, 'classifier__n_estimators': 550}",0.4623655913978495,0.5536933581626319,0.5723270440251572,0.5294619978618796,0.04805031656153486,133,0.8672022354173944,0.8663727959697733,0.8578844157342255,0.8638198157071311,0.004210599488441307
164,35.217808643976845,3.0129692538505664,0.568386952082316,0.037428353104998105,65,600,"{'classifier__max_depth': 65, 'classifier__n_estimators': 600}",0.47267128560431093,0.5561160151324086,0.5843260188087773,0.5377044398484989,0.04740558645044869,51,0.8689558514365803,0.867962382445141,0.8594660054206793,0.8654614131008002,0.00425875021552703
165,38.714777072270714,3.699941155481362,0.6281640529632568,0.014252512756242999,65,650,"{'classifier__max_depth': 65, 'classifier__n_estimators': 650}",0.4580745341614907,0.5696517412935322,0.590823381521056,0.5395165523253597,0.058233216920894296,37,0.8661649905056614,0.8653568514217563,0.8606761051719156,0.8640659823664446,0.002419603650769245
166,41.18001381556193,3.417773116099314,0.6935325463612875,0.03579231075854763,65,700,"{'classifier__max_depth': 65, 'classifier__n_estimators': 700}",0.463302752293578,0.5516804058338618,0.5827067669172932,0.5325633083482443,0.05058608003045271,105,0.867900803353126,0.8663942156554544,0.8599367270635605,0.8647439153573803,0.0034543929608420337
167,45.256786028544106,4.521398230946265,0.778309186299642,0.04460056350596965,65,750,"{'classifier__max_depth': 65, 'classifier__n_estimators': 750}",0.4613003095975233,0.5632754342431762,0.5959284392350401,0.5401680610252465,0.05733902885585309,32,0.8677500700476324,0.8675272590550195,0.8615331491712708,0.8656034927579741,0.0028796045874356496
168,6.283490101496379,0.6454063670544308,0.12566455205281576,0.0077683484318844,70,100,"{'classifier__max_depth': 70, 'classifier__n_estimators': 100}",0.4730038022813689,0.5351213282247764,0.548941798941799,0.5190223098159814,0.033025531835181816,188,0.826662908680947,0.8287425149700599,0.8252653680158638,0.8268902638889569,0.0014286136702471872
169,9.446152051289877,0.9884121476732304,0.1772181193033854,0.014510537124218875,70,150,"{'classifier__max_depth': 70, 'classifier__n_estimators': 150}",0.47076689445709946,0.5669191919191919,0.5906210392902408,0.5427690418888441,0.051824552214094675,17,0.841676040494938,0.8423115832068792,0.8337010800139356,0.8392295679052509,0.003917832088284752
170,12.73276980717977,1.4585346106923662,0.22260967890421549,0.024523342721399728,70,200,"{'classifier__max_depth': 70, 'classifier__n_estimators': 200}",0.4594807238394964,0.55254877281309,0.5885959534028203,0.5335418166851356,0.05439751166021566,94,0.8505227465385702,0.8490577929035105,0.8461538461538461,0.8485781285319756,0.0018155588808776246
171,17.58249084154765,2.2396175746312017,0.29255183537801105,0.014251658122948093,70,250,"{'classifier__max_depth': 70, 'classifier__n_estimators': 250}",0.4460431654676259,0.5345043914680051,0.5896656534954408,0.5234044034770239,0.0591566399027469,174,0.8550347832197316,0.8519969666329626,0.8495145631067962,0.8521821043198301,0.002257419543953985
172,22.75505566596985,1.2849788071366801,0.3683488368988037,0.02176457449992558,70,300,"{'classifier__max_depth': 70, 'classifier__n_estimators': 300}",0.46153846153846156,0.5282776349614395,0.5957972805933249,0.5285377923644087,0.05481124206405942,141,0.8619599578503687,0.8609899487957519,0.8500202440858349,0.8576567169106518,0.005414303112721305
173,22.82131012280782,0.9950924871428902,0.3563809394836426,0.027904846054969276,70,350,"{'classifier__max_depth': 70, 'classifier__n_estimators': 350}",0.4582677165354331,0.5504121750158529,0.5950726468730259,0.5345841794747707,0.0569607544619088,83,0.8565412689500281,0.8598177819666981,0.8522943722943722,0.8562178077370328,0.0030799235533419786
174,24.27076816558838,2.4762571055996556,0.44880064328511554,0.02905417320166152,70,400,"{'classifier__max_depth': 70, 'classifier__n_estimators': 400}",0.4697885196374623,0.5590062111801242,0.5842696629213483,0.5376881312463117,0.04910755841989244,52,0.8593454341579647,0.8618396285606726,0.854828444135856,0.8586711689514978,0.002901741079212816
175,28.15937050183614,2.500010843969519,0.49667175610860187,0.04675834418284776,70,450,"{'classifier__max_depth': 70, 'classifier__n_estimators': 450}",0.46551724137931033,0.554862842892768,0.5777496839443742,0.5327099227388175,0.048422406621594576,102,0.8594145792288207,0.8623784122999686,0.8536979346948195,0.8584969754078696,0.0036026999544362
176,33.126044034957886,2.5681204627144396,0.5902856985727946,0.16983618700550535,70,500,"{'classifier__max_depth': 70, 'classifier__n_estimators': 500}",0.4846671652954375,0.5405405405405406,0.5802781289506953,0.5351619449288911,0.03921786209400845,76,0.8674783095438007,0.867009275507646,0.8577514247884405,0.864079669946629,0.004478840126518669
177,32.544973373413086,1.8659176374821331,0.5198970635732015,0.017496572491449286,70,550,"{'classifier__max_depth': 70, 'classifier__n_estimators': 550}",0.48134044173648133,0.5668711656441718,0.5842696629213483,0.5441604234340005,0.04498473446428585,11,0.8672158614912036,0.8672178379055493,0.8579150135127366,0.8641162376364965,0.0043849277038038445
178,34.86379027366638,3.0229970048125336,0.5568242073059082,0.02506490668191012,70,600,"{'classifier__max_depth': 70, 'classifier__n_estimators': 600}",0.46439628482972134,0.5577043044291953,0.5838433292533659,0.5353146395040942,0.05126969167698564,74,0.8644282101713964,0.8657709693621296,0.8598325151602656,0.8633438982312639,0.0025427162463980027
179,38.4708449045817,3.815268456300231,0.699181318283081,0.052909618474137464,70,650,"{'classifier__max_depth': 70, 'classifier__n_estimators': 650}",0.4670750382848392,0.5394990366088633,0.5824647455548743,0.5296796068161922,0.047616608006422804,129,0.870413246334105,0.8665161209384018,0.8613273366776222,0.8660855679833763,0.003721780080978527
180,43.82426873842875,4.9797763290917345,0.8120687007904053,0.10359012546360995,70,700,"{'classifier__max_depth': 70, 'classifier__n_estimators': 700}",0.45754716981132076,0.5572949279899813,0.5870521684475173,0.5339647554162731,0.055384166703608045,90,0.867853139013453,0.8659070990359333,0.8627563623829494,0.8655055334774452,0.002100035583608797
181,47.8588650226593,2.8573860702267493,0.8626941839853922,0.055403242648133205,70,750,"{'classifier__max_depth': 70, 'classifier__n_estimators': 750}",0.46733282090699463,0.5626566416040101,0.5825123152709359,0.5375005925939802,0.05027391027713126,57,0.8661108386463953,0.8683274021352313,0.855366190695532,0.8632681438257195,0.0056603260140955704
182,6.153877417246501,0.5359718549209824,0.11801822980244954,0.01037495409219914,75,100,"{'classifier__max_depth': 75, 'classifier__n_estimators': 100}",0.44798785117691725,0.5432873274780426,0.5887445887445887,0.5266732557998495,0.05865228228562912,153,0.8303228559237662,0.8235746809465787,0.8291571753986332,0.8276849040896593,0.0029450697202958826
183,9.481645743052164,0.7886700771674955,0.17087690035502115,0.009782366974327482,75,150,"{'classifier__max_depth': 75, 'classifier__n_estimators': 150}",0.4586709886547812,0.5497220506485486,0.5832305795314426,0.5305412062782575,0.05262889898720612,121,0.8370218482641589,0.845356941043511,0.8364477870986404,0.8396088588021033,0.004071258908161597
184,12.199046929677328,0.9718866036674193,0.20544981956481934,0.002935014717646202,75,200,"{'classifier__max_depth': 75, 'classifier__n_estimators': 200}",0.4779969650986343,0.5406427221172022,0.5579288025889968,0.5255228299349445,0.03433883142885281,165,0.8552806783937207,0.8503686753114672,0.8430812292261939,0.8495768609771273,0.005011777293057971
185,14.743576208750406,1.321833403763069,0.23271099726359049,0.019565406399191205,75,250,"{'classifier__max_depth': 75, 'classifier__n_estimators': 250}",0.4456692913385827,0.555417185554172,0.5765654060756354,0.5258839609894633,0.057373668340136956,162,0.8591036414565826,0.8553600399351056,0.8448126049933382,0.8530920954616755,0.006050680947869513
186,17.64016358057658,1.5739568109439488,0.27925388018290204,0.009391527913645456,75,300,"{'classifier__max_depth': 75, 'classifier__n_estimators': 300}",0.46543778801843316,0.5494643982356648,0.5828642901813633,0.5325888254784871,0.04940198760824143,103,0.8604356992269852,0.8596962689831885,0.8481735818570028,0.8561018500223921,0.005614253666523293
187,22.72646681467692,3.207083805573005,0.43450482686360675,0.09316614514042139,75,350,"{'classifier__max_depth': 75, 'classifier__n_estimators': 350}",0.47169811320754723,0.5543683218101824,0.5791411042944785,0.535069179770736,0.04593721618340001,77,0.8630357267706076,0.8624582203443274,0.8522916308151208,0.8592618593100186,0.004934331590763664
188,24.281611919403076,0.7872384362699616,0.39760486284891766,0.023237627636655368,75,400,"{'classifier__max_depth': 75, 'classifier__n_estimators': 400}",0.46747352496217853,0.5460358056265985,0.5963360707517371,0.5366151337801713,0.05302798456393925,64,0.8661230747787302,0.8638156658944337,0.8558096664554411,0.8619161357095351,0.0044194840576118645
189,25.481863180796307,2.806862672840342,0.4464724063873291,0.020444882815199794,75,450,"{'classifier__max_depth': 75, 'classifier__n_estimators': 450}",0.4535603715170279,0.5567265964042157,0.5695958948043618,0.5266276209085351,0.05193278932465524,154,0.863715824068247,0.8654801584805987,0.8539585378529768,0.8610515068006075,0.005066943546076657
190,29.713213284810383,2.6104104355014925,0.5069791475931803,0.012251514267518533,75,500,"{'classifier__max_depth': 75, 'classifier__n_estimators': 500}",0.47376543209876537,0.5550660792951543,0.6097560975609756,0.5461958696516317,0.055871135884603386,5,0.8629015326474911,0.8653215636822195,0.8554653773096184,0.8612294912131097,0.0041938760410530585
191,33.567603747049965,3.560085854060166,0.7041909694671631,0.21614503296611134,75,550,"{'classifier__max_depth': 75, 'classifier__n_estimators': 550}",0.4382470119521913,0.5487959442332067,0.5843989769820971,0.5238139777224983,0.06222632459327974,172,0.8658117861397239,0.867933998368781,0.8577367205542724,0.8638275016875925,0.004393112586522634
192,39.45547676086426,3.563507655830581,0.585433562596639,0.016042509628232206,75,600,"{'classifier__max_depth': 75, 'classifier__n_estimators': 600}",0.4533965244865719,0.548469387755102,0.5744416873449132,0.5254358665288624,0.052031337915467275,166,0.8660920748370821,0.8681858239959713,0.8568804179344395,0.8637194389224976,0.004910879245200547
193,38.937201182047524,3.062533203829927,0.6102743148803711,0.02556582622910161,75,650,"{'classifier__max_depth': 75, 'classifier__n_estimators': 650}",0.4679186228482003,0.5771144278606964,0.5954008701056557,0.5468113069381841,0.05628285822335873,3,0.863544073373941,0.8669882839421089,0.8583750215628773,0.8629691262929757,0.003539773562701878
194,41.40227301915487,3.9010773211839638,0.6950531005859375,0.017504548184840745,75,700,"{'classifier__max_depth': 75, 'classifier__n_estimators': 700}",0.47040498442367595,0.5625388923459863,0.584213797389683,0.539052558053115,0.04934110795317476,41,0.8709115001046098,0.8682890115403913,0.85804889298893,0.8657498015446436,0.0055496159629871734
195,41.714026848475136,1.4880598662940432,0.6662977536519369,0.05293573600931824,75,750,"{'classifier__max_depth': 75, 'classifier__n_estimators': 750}",0.4753846153846154,0.5534280420012353,0.5966646077825818,0.5418257550561442,0.050187441561808196,21,0.8685666269869057,0.8666165225021938,0.8568142610695801,0.8639991368528932,0.005142473911231973
